,lr,optimizer,activation,batch_size,max_epochs,hidden_layers
0,0.002,sgd,sigmoid,32,128,"[4, 8]"
1,0.002,bgd,sigmoid,32,128,"[4, 8]"
2,0.002,mbgd,sigmoid,32,128,"[4, 8]"
3,0.002,mbgd,signum,32,128,"[4, 4]"
4,0.05,mbgd,linear,32,1024,"[4, 4]"
5,0.05,mbgd,linear,32,1024,[8]
6,0.01,sgd,relu,32,1024,"[16, 8]"
7,0.002,mbgd,linear,16,256,"[16, 8]"
8,0.002,mbgd,sigmoid,32,256,"[8, 8]"
9,0.01,mbgd,relu,16,200,"[16, 8]"
10,0.05,mbgd,tanh,16,200,"[16, 8]"
11,0.002,mbgd,sigmoid,16,800,"[16, 16]"
12,0.05,mbgd,sigmoid,32,800,"[8, 8]"
13,0.01,mbgd,signum,16,800,"[8, 8]"
14,0.01,sgd,sigmoid,16,200,"[16, 8]"
15,0.05,mbgd,signum,16,800,"[16, 8]"
16,0.01,mbgd,relu,32,800,"[16, 16]"
17,0.05,mbgd,relu,32,800,"[16, 8]"
18,0.01,mbgd,relu,32,200,"[16, 16]"
19,0.002,sgd,relu,16,800,[8]
20,0.05,mbgd,relu,32,800,"[8, 8]"
21,0.002,mbgd,sigmoid,32,800,"[16, 16]"
22,0.002,sgd,sigmoid,32,200,"[8, 8, 8]"
23,0.01,mbgd,sigmoid,32,800,[16]
24,0.002,mbgd,relu,16,200,"[16, 16]"
25,0.002,bgd,signum,32,800,[16]
26,0.01,mbgd,relu,32,800,"[8, 8]"
27,0.01,bgd,signum,32,800,[8]
28,0.002,mbgd,signum,32,800,[16]
29,0.002,bgd,signum,32,800,[16]
30,0.01,bgd,signum,32,800,[16]
31,0.01,mbgd,signum,32,800,[16]
32,0.01,bgd,signum,32,800,[8]
33,0.01,bgd,signum,32,800,[16]
34,0.002,bgd,signum,32,800,[16]
35,0.002,bgd,signum,32,800,"[8, 16]"
36,0.002,mbgd,signum,32,800,"[16, 8]"
37,0.01,sgd,signum,32,800,"[16, 8]"
38,0.002,mbgd,signum,32,800,"[16, 8]"
39,0.002,bgd,signum,32,800,"[8, 16]"
40,0.002,mbgd,signum,32,800,"[8, 16]"
41,0.002,bgd,signum,32,800,"[8, 16]"
42,0.01,sgd,sigmoid,16,200,[8]
43,0.002,mbgd,signum,32,800,"[8, 16]"
44,0.002,bgd,signum,32,800,"[8, 8]"
45,0.05,mbgd,signum,16,200,"[16, 16]"
46,0.01,bgd,relu,16,200,"[8, 8, 8]"
47,0.01,sgd,tanh,16,200,"[8, 16]"
48,0.002,sgd,relu,32,800,"[8, 16]"
49,0.01,bgd,signum,32,800,"[8, 8]"
50,0.01,mbgd,signum,16,200,"[8, 8]"
51,0.05,bgd,relu,32,800,"[8, 8, 8]"
52,0.002,bgd,tanh,16,800,[8]
53,0.01,sgd,relu,32,200,[8]
54,0.01,bgd,signum,32,800,"[8, 8]"
55,0.01,bgd,signum,32,800,"[8, 8]"
56,0.05,bgd,relu,32,200,"[8, 8, 8]"
57,0.05,mbgd,signum,32,800,[8]
58,0.002,mbgd,signum,32,800,[16]
59,0.01,mbgd,signum,32,800,"[8, 16]"
60,0.002,mbgd,signum,32,800,"[16, 16]"
61,0.002,mbgd,signum,32,800,"[8, 8]"
62,0.002,bgd,signum,32,800,"[8, 8]"
63,0.002,mbgd,signum,32,800,"[8, 8]"
64,0.05,mbgd,signum,16,200,"[8, 8, 8]"
65,0.05,mbgd,signum,16,800,"[8, 8, 8]"
66,0.05,mbgd,signum,16,800,"[8, 8, 8]"
67,0.002,bgd,signum,32,800,[16]
68,0.05,mbgd,signum,16,200,"[8, 8, 8]"
69,0.002,mbgd,signum,32,800,"[8, 8]"
70,0.05,mbgd,signum,16,800,"[8, 8, 8]"
71,0.05,bgd,signum,16,800,"[8, 8, 8]"
72,0.05,mbgd,relu,16,800,"[8, 8, 8]"
73,0.002,mbgd,signum,32,800,"[8, 8]"
74,0.01,bgd,signum,32,800,"[8, 8]"
75,0.002,sgd,signum,16,200,"[8, 8, 8]"
76,0.002,mbgd,sigmoid,16,200,"[16, 8]"
77,0.002,mbgd,signum,32,800,"[8, 16]"
78,0.002,mbgd,sigmoid,16,800,"[8, 8, 8]"
79,0.002,mbgd,signum,32,800,"[8, 8]"
80,0.01,mbgd,sigmoid,16,800,"[16, 8]"
81,0.002,mbgd,signum,32,800,"[8, 8]"
82,0.002,mbgd,sigmoid,16,800,"[8, 8, 8]"
83,0.002,mbgd,sigmoid,16,800,"[8, 8, 8]"
84,0.01,bgd,signum,32,800,"[8, 16]"
85,0.002,mbgd,sigmoid,16,200,"[8, 8]"
86,0.002,mbgd,tanh,16,800,"[8, 8]"
87,0.002,mbgd,sigmoid,16,200,"[8, 8]"
88,0.002,mbgd,sigmoid,16,200,"[16, 8]"
89,0.01,mbgd,signum,32,800,"[8, 16]"
90,0.002,mbgd,tanh,16,200,[16]
91,0.01,mbgd,sigmoid,16,200,"[8, 8]"
92,0.002,mbgd,sigmoid,16,200,"[16, 8]"
93,0.002,mbgd,sigmoid,16,200,[8]
94,0.002,mbgd,sigmoid,32,200,"[8, 16]"
95,0.002,bgd,signum,32,800,"[8, 8]"
96,0.002,mbgd,sigmoid,32,200,"[8, 16]"
97,0.002,mbgd,sigmoid,32,200,[16]
98,0.002,mbgd,signum,32,800,"[8, 16]"
99,0.002,mbgd,sigmoid,32,200,"[8, 16]"
100,0.05,mbgd,signum,16,200,"[8, 8, 8]"
101,0.002,mbgd,sigmoid,32,200,[16]
102,0.002,mbgd,sigmoid,32,800,[8]
103,0.002,mbgd,sigmoid,32,800,"[8, 8]"
104,0.002,mbgd,sigmoid,32,800,"[8, 8]"
105,0.002,mbgd,sigmoid,32,200,[8]
106,0.05,mbgd,signum,16,200,"[8, 8, 8]"
107,0.002,mbgd,sigmoid,32,800,[16]
108,0.002,mbgd,signum,32,800,"[8, 8]"
109,0.002,mbgd,signum,32,800,"[8, 8]"
110,0.002,mbgd,tanh,32,800,"[8, 16]"
111,0.002,mbgd,sigmoid,32,200,[16]
112,0.002,mbgd,signum,32,800,[16]
113,0.002,mbgd,sigmoid,32,800,"[8, 16]"
114,0.002,mbgd,sigmoid,16,200,[16]
115,0.01,bgd,signum,32,800,"[8, 8]"
116,0.002,mbgd,sigmoid,32,800,"[8, 16]"
117,0.002,mbgd,sigmoid,32,200,"[8, 8]"
118,0.002,bgd,signum,32,800,"[8, 8]"
119,0.002,mbgd,sigmoid,32,200,"[8, 8]"
120,0.002,mbgd,sigmoid,16,200,[16]
121,0.002,mbgd,signum,32,800,"[8, 16]"
122,0.05,mbgd,sigmoid,32,800,[16]
123,0.002,mbgd,sigmoid,32,800,[8]
124,0.002,mbgd,sigmoid,32,800,[8]
125,0.002,bgd,signum,32,800,[8]
126,0.002,bgd,signum,16,200,[8]
127,0.002,bgd,signum,32,200,[8]
128,0.002,bgd,signum,32,800,[8]
129,0.01,mbgd,signum,32,200,[16]
130,0.002,bgd,signum,32,200,"[8, 8]"
131,0.002,mbgd,signum,32,800,[16]
132,0.002,mbgd,signum,32,800,[8]
133,0.01,mbgd,signum,32,800,[8]
134,0.002,mbgd,signum,32,200,[8]
135,0.002,bgd,signum,32,800,[8]
136,0.002,mbgd,signum,32,800,[8]
137,0.002,bgd,signum,32,800,[16]
138,0.002,mbgd,signum,32,800,"[8, 8]"
139,0.01,mbgd,signum,32,200,[8]
140,0.002,bgd,signum,32,800,[16]
141,0.002,bgd,signum,32,800,[8]
142,0.002,bgd,signum,32,800,"[8, 8]"
143,0.002,bgd,signum,32,800,[16]
144,0.01,bgd,signum,32,800,[8]
145,0.002,bgd,signum,32,200,[8]
146,0.002,bgd,signum,32,800,[8]
147,0.01,mbgd,signum,32,200,[8]
148,0.002,bgd,signum,32,200,[8]
149,0.002,bgd,tanh,16,200,"[8, 8, 8]"
150,0.01,bgd,signum,32,200,"[8, 8]"
151,0.002,mbgd,signum,32,800,[8]
152,0.002,bgd,signum,32,800,[16]
153,0.002,bgd,signum,32,200,[8]
154,0.002,bgd,signum,32,800,[8]
155,0.002,bgd,signum,32,200,"[8, 8]"
156,0.002,mbgd,signum,32,200,[16]
157,0.002,bgd,signum,32,800,"[8, 16]"
158,0.002,mbgd,signum,32,200,"[8, 8]"
159,0.002,mbgd,signum,32,200,"[8, 16]"
160,0.01,bgd,signum,32,800,"[8, 16]"
161,0.002,mbgd,signum,32,200,"[8, 8]"
162,0.002,bgd,signum,32,200,"[8, 8]"
163,0.002,sgd,signum,32,800,"[8, 16]"
164,0.01,mbgd,signum,32,200,"[8, 8]"
165,0.002,bgd,signum,32,800,[8]
166,0.002,bgd,signum,32,200,"[8, 8]"
167,0.002,bgd,signum,32,200,[16]
168,0.002,mbgd,signum,32,200,"[16, 8]"
169,0.002,mbgd,signum,32,800,"[8, 8]"
170,0.002,bgd,relu,32,200,[16]
171,0.002,mbgd,signum,32,800,[16]
172,0.002,bgd,relu,32,200,[16]
173,0.002,bgd,signum,32,200,"[8, 8]"
174,0.002,mbgd,signum,32,200,"[8, 8]"
175,0.01,bgd,signum,32,800,[8]
176,0.002,bgd,signum,32,200,[16]
177,0.002,mbgd,signum,32,200,"[8, 16]"
178,0.01,bgd,signum,32,200,"[8, 8]"
179,0.002,bgd,signum,32,200,"[16, 8]"
180,0.002,bgd,signum,32,800,"[8, 16]"
181,0.01,mbgd,signum,32,200,"[8, 16]"
182,0.002,bgd,signum,32,200,"[8, 16]"
183,0.002,mbgd,signum,32,200,"[8, 16]"
184,0.002,bgd,signum,32,200,[16]
185,0.002,bgd,signum,32,200,"[8, 8, 8]"
186,0.002,bgd,signum,32,200,"[16, 16]"
187,0.01,mbgd,signum,32,800,"[16, 16]"
188,0.002,bgd,signum,32,200,"[16, 16]"
189,0.002,bgd,signum,32,200,"[16, 16]"
190,0.002,bgd,signum,32,200,"[8, 8, 8]"
191,0.002,bgd,signum,32,800,"[8, 8]"
192,0.002,mbgd,signum,32,200,"[16, 8]"
193,0.002,bgd,signum,32,200,"[8, 16]"
194,0.002,mbgd,signum,32,800,"[8, 8, 8]"
195,0.002,bgd,signum,32,800,"[8, 8, 8]"
196,0.01,bgd,signum,32,800,"[8, 8, 8]"
197,0.002,mbgd,signum,32,200,"[8, 8, 8]"
198,0.002,mbgd,signum,32,200,"[8, 8, 8]"
199,0.002,bgd,signum,32,200,"[8, 16]"
200,0.002,bgd,signum,32,200,"[16, 16]"
201,0.002,bgd,signum,32,800,"[16, 16]"
202,0.01,bgd,signum,32,200,"[8, 8, 8]"
203,0.01,mbgd,signum,32,800,"[16, 8]"
204,0.002,bgd,signum,32,800,"[16, 16]"
205,0.01,bgd,signum,32,200,"[16, 16]"
206,0.002,bgd,signum,32,800,"[16, 8]"
207,0.002,bgd,signum,32,200,"[16, 8]"
208,0.002,bgd,signum,32,200,"[8, 16]"
209,0.002,bgd,signum,32,800,"[16, 8]"
210,0.002,bgd,signum,32,200,"[16, 16]"
211,0.002,mbgd,signum,32,800,"[8, 16]"
212,0.002,mbgd,signum,32,200,"[8, 8, 8]"
213,0.002,bgd,signum,32,200,"[16, 16]"
214,0.002,bgd,signum,32,800,"[16, 8]"
215,0.002,bgd,signum,32,200,"[8, 8, 8]"
216,0.002,bgd,signum,32,200,"[16, 16]"
217,0.002,bgd,signum,32,200,"[8, 16]"
218,0.05,sgd,relu,16,200,"[8, 8, 8]"
219,0.002,mbgd,signum,32,200,"[16, 16]"
220,0.002,bgd,signum,32,200,"[16, 16]"
221,0.01,bgd,signum,32,200,"[16, 16]"
222,0.002,bgd,signum,32,800,[8]
223,0.002,bgd,signum,32,800,"[16, 16]"
224,0.002,bgd,signum,32,800,"[16, 8]"
225,0.002,bgd,signum,32,800,"[16, 16]"
226,0.002,bgd,signum,32,200,"[16, 16]"
227,0.002,bgd,signum,32,200,"[8, 16]"
228,0.01,mbgd,signum,32,800,"[8, 8, 8]"
229,0.002,bgd,signum,32,200,"[16, 16]"
230,0.01,bgd,signum,32,800,"[16, 16]"
231,0.01,bgd,signum,32,200,"[16, 16]"
232,0.002,bgd,signum,32,800,"[8, 8, 8]"
233,0.05,bgd,sigmoid,16,200,"[16, 8]"
234,0.002,mbgd,signum,32,200,"[8, 8, 8]"
235,0.002,bgd,signum,32,800,"[8, 8, 8]"
236,0.002,bgd,signum,32,200,"[8, 16]"
237,0.002,mbgd,signum,32,200,"[16, 8]"
238,0.002,bgd,signum,32,200,"[16, 16]"
239,0.002,mbgd,signum,32,800,"[8, 8, 8]"
240,0.002,mbgd,signum,32,200,"[8, 8, 8]"
241,0.002,bgd,signum,32,800,"[16, 16]"
242,0.002,mbgd,signum,32,200,"[8, 8, 8]"
243,0.002,mbgd,signum,32,800,"[16, 8]"
244,0.002,bgd,signum,32,200,"[16, 16]"
245,0.002,bgd,signum,32,800,"[16, 16]"
246,0.002,bgd,signum,32,200,"[8, 8, 8]"
247,0.002,bgd,signum,32,200,"[8, 8, 8]"
248,0.002,bgd,signum,32,800,[8]
249,0.002,bgd,signum,32,800,"[8, 16]"
250,0.002,bgd,signum,32,200,"[16, 16]"
251,0.01,bgd,signum,32,200,"[8, 16]"
252,0.002,bgd,signum,32,200,"[16, 8]"
253,0.01,bgd,relu,32,200,"[8, 8, 8]"
254,0.002,bgd,signum,32,200,[16]
255,0.002,bgd,signum,32,800,"[8, 8, 8]"
256,0.002,bgd,signum,32,800,"[8, 8, 8]"
257,0.002,bgd,signum,32,800,"[16, 16]"
258,0.002,bgd,signum,32,200,"[16, 16]"
259,0.01,bgd,signum,32,200,"[16, 16]"
260,0.002,bgd,signum,32,200,"[16, 8]"
261,0.002,bgd,signum,32,200,"[16, 8]"
262,0.002,bgd,signum,32,800,"[16, 8]"
263,0.002,mbgd,signum,32,200,"[16, 8]"
264,0.002,bgd,signum,32,800,"[8, 8, 8]"
265,0.002,bgd,signum,32,800,"[8, 16]"
266,0.01,bgd,signum,32,200,"[16, 16]"
267,0.002,bgd,signum,32,200,"[16, 8]"
268,0.002,bgd,signum,32,800,[16]
269,0.002,mbgd,signum,32,800,"[8, 16]"
270,0.002,bgd,signum,32,200,"[16, 8]"
271,0.002,mbgd,signum,32,200,"[8, 8]"
272,0.01,bgd,signum,32,200,"[16, 8]"
273,0.002,mbgd,signum,32,800,"[8, 8]"
274,0.002,mbgd,signum,32,200,"[8, 8, 8]"
275,0.05,mbgd,relu,16,800,[16]
276,0.05,bgd,sigmoid,32,800,"[16, 16]"
277,0.05,bgd,signum,32,200,[8]
278,0.002,bgd,sigmoid,32,200,"[16, 16]"
279,0.05,bgd,tanh,16,200,"[8, 8]"
280,0.002,bgd,sigmoid,32,200,"[8, 8, 8]"
281,0.01,mbgd,tanh,32,800,"[8, 8, 8]"
282,0.01,mbgd,sigmoid,32,200,"[16, 16]"
283,0.002,bgd,tanh,32,800,"[8, 8, 8]"
284,0.01,mbgd,tanh,32,200,"[8, 8, 8]"
285,0.002,mbgd,tanh,32,200,"[8, 8, 8]"
286,0.01,mbgd,tanh,32,200,"[8, 8, 8]"
287,0.01,bgd,tanh,32,800,"[8, 8, 8]"
288,0.01,mbgd,sigmoid,32,800,"[16, 16]"
289,0.002,bgd,tanh,32,200,"[8, 8, 8]"
290,0.01,bgd,relu,32,800,"[8, 8, 8]"
291,0.002,bgd,relu,32,200,"[8, 8, 8]"
292,0.002,mbgd,tanh,32,800,"[8, 8, 8]"
293,0.002,bgd,tanh,32,800,"[16, 16]"
294,0.002,bgd,relu,32,200,"[8, 8, 8]"
295,0.002,bgd,sigmoid,32,800,"[8, 8, 8]"
296,0.002,bgd,tanh,32,800,"[8, 8, 8]"
297,0.002,bgd,tanh,32,200,"[8, 8, 8]"
298,0.01,bgd,sigmoid,32,800,"[8, 8, 8]"
299,0.002,bgd,sigmoid,32,200,"[8, 8, 8]"
300,0.002,bgd,tanh,32,200,"[8, 8, 8]"
301,0.002,sgd,sigmoid,32,800,"[8, 8, 8]"
302,0.002,bgd,tanh,32,200,"[8, 8, 8]"
303,0.002,bgd,relu,32,200,"[8, 8, 8]"
304,0.002,sgd,relu,32,200,"[8, 8, 8]"
305,0.002,bgd,sigmoid,32,200,"[8, 8, 8]"
306,0.002,bgd,sigmoid,32,200,"[16, 16]"
307,0.002,bgd,sigmoid,32,200,"[16, 8]"
308,0.002,mbgd,sigmoid,32,200,"[8, 16]"
309,0.01,bgd,sigmoid,32,800,"[8, 16]"
310,0.01,bgd,sigmoid,32,200,"[16, 8]"
311,0.002,bgd,sigmoid,32,200,"[16, 16]"
312,0.01,bgd,tanh,32,200,"[16, 8]"
313,0.002,mbgd,sigmoid,32,800,"[8, 8, 8]"
314,0.002,bgd,tanh,32,200,"[16, 16]"
315,0.002,bgd,sigmoid,32,200,"[16, 16]"
316,0.01,bgd,sigmoid,32,800,"[16, 16]"
317,0.002,sgd,signum,16,200,"[16, 8]"
318,0.05,mbgd,tanh,32,800,"[8, 8]"
319,0.01,bgd,tanh,32,200,"[16, 8]"
320,0.01,mbgd,sigmoid,32,200,"[16, 8]"
321,0.002,mbgd,sigmoid,32,800,"[16, 16]"
322,0.002,bgd,tanh,32,800,"[16, 8]"
323,0.002,bgd,tanh,32,200,"[16, 16]"
324,0.01,bgd,sigmoid,32,800,"[16, 8]"
325,0.002,bgd,tanh,32,800,"[16, 16]"
326,0.01,bgd,sigmoid,32,800,"[16, 8]"
327,0.01,bgd,tanh,32,200,"[16, 8]"
328,0.01,bgd,sigmoid,32,200,"[16, 8]"
329,0.01,mbgd,sigmoid,32,800,"[16, 8]"
330,0.01,bgd,sigmoid,32,200,"[8, 16]"
331,0.01,bgd,sigmoid,32,200,"[16, 8]"
332,0.01,bgd,tanh,32,200,"[16, 16]"
333,0.002,mbgd,sigmoid,32,200,"[16, 8]"
334,0.002,bgd,tanh,32,800,"[16, 16]"
335,0.01,mbgd,tanh,32,800,"[16, 16]"
336,0.002,mbgd,tanh,32,200,"[16, 8]"
337,0.002,bgd,tanh,32,800,"[16, 8]"
338,0.002,mbgd,sigmoid,32,200,"[16, 16]"
339,0.01,mbgd,tanh,32,800,"[16, 8]"
340,0.002,bgd,tanh,32,200,"[8, 8, 8]"
341,0.002,bgd,sigmoid,32,800,"[16, 8]"
342,0.002,mbgd,tanh,32,800,"[16, 8]"
343,0.002,bgd,tanh,32,200,"[16, 8]"
344,0.002,bgd,tanh,32,200,"[8, 16]"
345,0.05,bgd,sigmoid,32,800,"[8, 8, 8]"
346,0.01,mbgd,tanh,32,200,"[16, 8]"
347,0.01,bgd,sigmoid,32,200,"[16, 16]"
348,0.05,mbgd,sigmoid,32,200,"[16, 16]"
349,0.002,bgd,sigmoid,32,800,"[16, 8]"
350,0.002,bgd,sigmoid,32,200,"[16, 16]"
351,0.05,sgd,signum,32,800,"[8, 16]"
352,0.002,sgd,relu,32,800,"[16, 16]"
353,0.05,bgd,sigmoid,16,800,"[16, 8]"
354,0.01,mbgd,tanh,16,800,[8]
355,0.01,mbgd,sigmoid,32,800,[16]
356,0.05,mbgd,sigmoid,16,200,"[16, 16]"
357,0.05,bgd,sigmoid,16,800,"[16, 16]"
358,0.01,bgd,tanh,32,200,"[16, 8]"
359,0.002,bgd,sigmoid,32,800,"[16, 16]"
360,0.002,bgd,sigmoid,32,200,"[16, 8]"
361,0.002,mbgd,tanh,32,800,"[8, 16]"
362,0.002,mbgd,sigmoid,32,800,"[16, 8]"
363,0.05,sgd,signum,16,800,[16]
364,0.002,bgd,relu,16,800,"[8, 8, 8]"
365,0.01,sgd,tanh,32,800,[8]
366,0.01,bgd,sigmoid,32,200,"[8, 8, 8]"
367,0.01,mbgd,signum,32,200,"[8, 8]"
368,0.002,sgd,tanh,32,800,"[8, 8, 8]"
369,0.002,bgd,relu,16,800,[8]
370,0.05,sgd,relu,16,800,"[16, 8]"
371,0.05,mbgd,signum,32,800,[16]
372,0.002,mbgd,signum,16,200,[16]
373,0.002,bgd,signum,32,800,"[16, 8]"
374,0.05,bgd,sigmoid,16,800,"[8, 8, 8]"
375,0.05,bgd,signum,32,800,"[8, 16]"
376,0.05,sgd,sigmoid,16,800,"[16, 8]"
377,0.002,mbgd,signum,16,200,[8]
378,0.002,mbgd,sigmoid,32,200,"[16, 8]"
379,0.01,bgd,relu,32,200,"[8, 8]"
380,0.05,bgd,relu,32,200,"[8, 8]"
381,0.002,mbgd,sigmoid,32,200,"[8, 16]"
382,0.05,sgd,signum,32,200,"[16, 8]"
383,0.01,bgd,tanh,32,800,"[8, 8]"
384,0.002,bgd,tanh,32,200,"[16, 16]"
385,0.002,mbgd,tanh,32,200,"[16, 16]"
386,0.002,sgd,signum,32,200,[16]
387,0.002,bgd,sigmoid,32,800,"[16, 8]"
388,0.002,bgd,sigmoid,32,800,"[16, 16]"
389,0.05,mbgd,sigmoid,32,200,"[16, 8]"
390,0.002,bgd,tanh,32,800,"[16, 8]"
391,0.002,bgd,tanh,32,800,"[8, 16]"
392,0.01,mbgd,tanh,32,200,"[8, 8, 8]"
393,0.002,mbgd,relu,16,800,"[8, 8, 8]"
394,0.002,bgd,sigmoid,32,200,"[16, 8]"
395,0.002,sgd,relu,16,800,"[8, 16]"
396,0.01,bgd,sigmoid,32,200,"[16, 8]"
397,0.002,mbgd,sigmoid,32,800,"[16, 8]"
398,0.002,bgd,tanh,32,200,"[8, 16]"
399,0.002,mbgd,tanh,32,200,"[16, 8]"
400,0.002,sgd,tanh,16,800,[16]
401,0.002,bgd,sigmoid,32,200,"[16, 16]"
402,0.002,bgd,tanh,32,200,"[16, 16]"
403,0.002,bgd,sigmoid,32,200,"[16, 16]"
404,0.01,bgd,sigmoid,32,800,"[8, 16]"
405,0.002,bgd,sigmoid,32,800,"[8, 16]"
406,0.002,bgd,sigmoid,32,800,"[8, 8]"
407,0.01,bgd,sigmoid,32,200,"[16, 16]"
408,0.002,bgd,tanh,32,200,"[16, 8]"
409,0.01,bgd,tanh,32,200,"[16, 8]"
410,0.01,bgd,sigmoid,32,200,"[16, 8]"
411,0.002,bgd,sigmoid,32,800,"[8, 16]"
412,0.002,bgd,sigmoid,32,800,"[8, 16]"
413,0.002,mbgd,sigmoid,32,200,"[8, 16]"
414,0.002,mbgd,sigmoid,32,200,"[8, 8, 8]"
415,0.002,bgd,tanh,32,200,"[16, 8]"
416,0.002,mbgd,sigmoid,32,200,"[16, 16]"
417,0.002,bgd,sigmoid,32,800,"[16, 8]"
418,0.002,bgd,tanh,32,200,"[8, 8, 8]"
419,0.002,bgd,tanh,32,200,"[8, 16]"
420,0.002,bgd,sigmoid,32,200,"[8, 16]"
421,0.01,mbgd,sigmoid,32,200,"[16, 8]"
422,0.002,bgd,sigmoid,32,800,"[16, 8]"
423,0.002,bgd,sigmoid,32,800,"[16, 8]"
424,0.002,mbgd,sigmoid,32,800,"[8, 8, 8]"
425,0.002,bgd,sigmoid,32,200,"[16, 8]"
426,0.01,bgd,sigmoid,32,800,"[8, 16]"
427,0.01,mbgd,tanh,32,200,"[16, 8]"
428,0.002,mbgd,sigmoid,32,800,"[16, 8]"
429,0.01,mbgd,sigmoid,32,200,"[8, 16]"
430,0.002,mbgd,sigmoid,32,200,"[16, 16]"
431,0.002,bgd,sigmoid,32,200,"[8, 16]"
432,0.05,bgd,sigmoid,16,200,"[8, 16]"
433,0.002,mbgd,tanh,32,200,"[8, 8]"
434,0.002,mbgd,sigmoid,32,800,"[16, 16]"
435,0.002,bgd,sigmoid,32,800,"[8, 16]"
436,0.002,bgd,sigmoid,32,200,"[8, 16]"
437,0.002,bgd,sigmoid,32,200,"[16, 8]"
438,0.002,bgd,tanh,32,800,"[16, 8]"
439,0.002,bgd,sigmoid,32,200,"[8, 8, 8]"
440,0.002,mbgd,sigmoid,32,200,"[16, 16]"
441,0.002,bgd,tanh,32,200,"[8, 16]"
442,0.002,bgd,sigmoid,32,200,"[16, 16]"
443,0.002,mbgd,tanh,32,200,"[16, 8]"
444,0.002,mbgd,sigmoid,32,800,"[16, 8]"
445,0.01,mbgd,sigmoid,32,200,"[8, 16]"
446,0.002,bgd,sigmoid,32,200,"[8, 8, 8]"
447,0.002,bgd,sigmoid,32,200,"[8, 8]"
448,0.002,bgd,sigmoid,32,800,"[16, 8]"
449,0.01,bgd,sigmoid,32,200,"[8, 8, 8]"
450,0.01,bgd,sigmoid,32,800,"[16, 8]"
451,0.01,bgd,sigmoid,32,200,"[8, 8, 8]"
452,0.002,bgd,sigmoid,32,800,"[16, 8]"
453,0.002,mbgd,tanh,32,800,"[8, 16]"
454,0.01,bgd,sigmoid,32,800,"[8, 16]"
455,0.002,bgd,sigmoid,32,800,"[8, 16]"
456,0.002,bgd,sigmoid,32,200,"[16, 16]"
457,0.002,bgd,sigmoid,32,200,"[8, 16]"
458,0.002,bgd,tanh,32,200,"[8, 16]"
459,0.002,bgd,sigmoid,32,200,"[8, 8, 8]"
460,0.002,mbgd,sigmoid,32,200,"[8, 8]"
461,0.01,mbgd,sigmoid,32,800,"[8, 16]"
462,0.01,mbgd,sigmoid,32,800,"[16, 16]"
463,0.002,bgd,sigmoid,32,200,"[8, 16]"
464,0.01,bgd,sigmoid,32,200,"[8, 8, 8]"
465,0.002,mbgd,sigmoid,32,200,"[8, 16]"
466,0.002,bgd,tanh,32,200,"[16, 8]"
467,0.002,bgd,sigmoid,32,200,"[8, 8, 8]"
468,0.002,mbgd,sigmoid,32,800,"[8, 8]"
469,0.002,bgd,sigmoid,32,200,"[8, 8]"
470,0.002,mbgd,sigmoid,32,800,"[16, 16]"
471,0.01,bgd,sigmoid,32,800,"[8, 8, 8]"
472,0.002,bgd,tanh,32,200,"[8, 16]"
473,0.05,sgd,tanh,32,200,"[8, 8, 8]"
474,0.002,mbgd,signum,32,800,"[8, 8]"
475,0.01,bgd,sigmoid,32,800,"[16, 16]"
476,0.01,sgd,sigmoid,32,800,[16]
477,0.002,bgd,sigmoid,32,800,"[8, 8]"
478,0.002,bgd,sigmoid,32,200,"[16, 16]"
479,0.002,bgd,signum,16,800,"[8, 8, 8]"
480,0.002,bgd,sigmoid,32,200,"[8, 16]"
481,0.002,mbgd,signum,16,800,"[8, 8, 8]"
482,0.01,mbgd,tanh,32,800,"[8, 8]"
483,0.01,mbgd,sigmoid,32,200,"[16, 16]"
484,0.01,bgd,sigmoid,32,200,"[16, 16]"
485,0.002,bgd,sigmoid,32,800,"[8, 8, 8]"
486,0.002,bgd,sigmoid,32,200,"[8, 8, 8]"
487,0.002,bgd,tanh,32,800,"[16, 16]"
488,0.002,bgd,sigmoid,32,200,"[8, 8, 8]"
489,0.002,bgd,sigmoid,32,200,"[16, 8]"
490,0.002,bgd,sigmoid,32,200,"[16, 8]"
491,0.002,bgd,sigmoid,32,200,"[8, 16]"
492,0.002,bgd,sigmoid,32,200,"[8, 8, 8]"
493,0.002,mbgd,sigmoid,32,200,"[16, 16]"
494,0.002,mbgd,sigmoid,32,200,"[16, 8]"
495,0.002,bgd,tanh,32,200,"[16, 8]"
496,0.002,mbgd,sigmoid,32,200,"[16, 16]"
497,0.01,bgd,tanh,32,200,"[16, 16]"
498,0.002,bgd,sigmoid,32,200,"[16, 16]"
499,0.002,bgd,tanh,32,800,"[16, 16]"
500,0.002,bgd,signum,16,800,"[8, 8, 8]"
501,0.002,bgd,sigmoid,32,200,"[16, 16]"
502,0.002,bgd,tanh,32,200,"[8, 8, 8]"
503,0.002,mbgd,sigmoid,32,200,"[8, 8, 8]"
504,0.002,mbgd,sigmoid,32,200,"[16, 8]"
505,0.002,bgd,sigmoid,32,200,"[8, 16]"
506,0.01,bgd,sigmoid,32,200,"[16, 16]"
507,0.002,bgd,tanh,32,800,"[8, 16]"
508,0.01,bgd,sigmoid,32,200,"[8, 8, 8]"
509,0.002,bgd,sigmoid,32,200,"[8, 8]"
510,0.002,mbgd,sigmoid,32,200,[8]
511,0.002,bgd,sigmoid,32,200,"[16, 8]"
512,0.01,mbgd,tanh,32,200,"[8, 8, 8]"
513,0.002,bgd,sigmoid,32,800,"[16, 16]"
514,0.002,mbgd,sigmoid,32,800,"[8, 8]"
515,0.002,bgd,sigmoid,32,200,"[8, 8, 8]"
516,0.002,sgd,tanh,16,800,"[8, 8]"
517,0.01,bgd,tanh,32,200,"[16, 16]"
518,0.01,mbgd,sigmoid,32,200,[8]
519,0.01,mbgd,sigmoid,32,800,"[16, 8]"
520,0.002,bgd,tanh,32,200,"[8, 8, 8]"
521,0.002,mbgd,sigmoid,32,200,"[8, 8, 8]"
522,0.01,bgd,sigmoid,32,800,"[16, 8]"
523,0.002,bgd,sigmoid,32,200,"[16, 8]"
524,0.002,bgd,sigmoid,32,800,"[8, 16]"
525,0.002,mbgd,sigmoid,32,200,"[16, 8]"
526,0.002,bgd,sigmoid,32,200,"[16, 8]"
527,0.002,bgd,tanh,32,200,"[8, 8, 8]"
528,0.002,bgd,tanh,32,800,"[8, 16]"
529,0.002,bgd,sigmoid,32,800,"[16, 8]"
530,0.002,bgd,sigmoid,32,800,"[8, 8]"
